Plot_ID,Region,Crop_Type,Soil_Type,Fertilizer_Used,Irrigation_Water_Liters,Pesticide_Use_Kg,Crop_Yield_MT,Seasonal_Temp_C,Rainfall_mm,Humidity_Pct,Pest_Infestation_Level,Farm_Size_Acres
PLOT-5000,North,Wheat,Loamy, Y ,6546,19.89,4.18,31.0,730.4,78.6,LOW,1128
PLOT-5001, West ,Wheat,Clay,No,4054,31.47,2.74,37.4,680.7,79.6,Low,193
PLOT-5002,East,Wheat,Clay,Yes,6598,10.65,4.02,29.3,571.5,80.1%,Low,808
PLOT-5003,South,Wheat,Clay,Yes,4546,27.84,5.36,29.7,434.8,40.0,?,195
PLOT-5004,North,Wheat,Sandy,Yes,5221,12.41,4.5,25.2,616.6,92.5,LOW,1102
PLOT-5005,North,Rice,Loamy,No,7538,16.15,3.31,23.7,318.4,84.8%,LOW,847
PLOT-5006,North,Wheat,Loamy,No,5912,13.75,4.11 MT,21.9,625.8,89.7,LOW,636
PLOT-5007,West,Rice,Sandy,Yes,3928,12.31,3.51,20.0,,40.9,Medium,868
PLOT-5008,South,Rice,Clay,Yes,2829,38.03,3.81,20.7,374.8,91.4%,Medium,17
PLOT-5009,East,Maize,Unknown,Yes,1575,16.43,3.41,17.1,324.1,84.5,Medium,792
PLOT-5010,North,Wheat,Sandy,No,7468,42.08,3.6,24.1,884.3,86.0,Low,784
PLOT-5011, West ,Soybeans,Sandy,No,6511,N/A,4.05,15.2,489.9,45.1,Medium,1016
PLOT-5012,West,Maize,Clay,Yes,1929,27.85,2.61,25.6,804.5,80.6,Medium,686
PLOT-5013,North,Wheat,Loamy,Yes,4759,10.72,2.58,24.3,572.3,92.8,Medium,1116
PLOT-5014,North,Soybeans,Loamy,Yes,4699,19.98,2.13,25.3,570.8,77.3,Medium,220
PLOT-5015,North,Cotton,Clay, Y ,2463,36.91,1.88 MT,21.6,678.9,71.4,Medium,499
PLOT-5016,North,Wheat,Clay,Yes,4275,19.7,2.34,41.4,440.9,92.0,Low,648
PLOT-5017,South,Wheat,Loamy,No,5928,8.48,3.99,32.0,623.8,64.4,Low,200
PLOT-5018,South,Soybeans,Loamy,No,2054,?,2.73,17.7,531.3,?,Low,680
PLOT-5019,North,Maize,Clay,Yes,6744,38.8,4.42,25.8,362.3,66.2,Low,852
PLOT-5020,South,Wheat,?,Yes,2900,36.84,3.84,21.2,660.7,91.3,?,344
PLOT-5021,North,Wheat,Clay,Yes,2457,12.0,1.44 MT,18.9,552.6,44.2,Low,1120
PLOT-5022,North,Rice,Sandy,No,7980,31.91,4.59,17.1,571.7,67.6,Low,588
PLOT-5023,North,Rice,Silt,No,8069,13.82,4.77,26.9,382.2,77.8,Medium,71
PLOT-5024,South,Maize,Sandy,No,2399,13.73,2.61,20.8,886.5,83.6,Medium,396
PLOT-5025,East,Rice,Sandy,Yes,4415,39.96,4.3 MT,120.0,757.8,72.1,Low,1179
PLOT-5026,North,Rice,Sandy,Yes,1442,14.99,2.77,30.0,773.5,?,High,162
PLOT-5027,South,Maize,Clay, Y ,4650,15.53,3.92,32.1,545.0,91.8,High,628
PLOT-5028,South,Wheat,Unknown,No,7218,5.03,2.28,19.8,288.7,43.5,Low,707
PLOT-5029,North,Wheat,Sandy,Yes,5652,39.83,1.65,27.1,951.5,62.1,Low,187
PLOT-5030,South,Maize,Silt, N ,2178,36.7,3.34 MT,28.0,589.0,41.3,Medium ,856
PLOT-5031,North,Soybeans,Clay,No,7133,30.09,3.65,21.9,465.2,58.1,High,496
PLOT-5032,North,Rice,Clay,No,5458,35.01,3.32,20.3,675.0,69.5,Medium,509
PLOT-5033, West ,Rice,Clay,No,7591,11.08,2.38,33.4,810.1,90.1,Low,550
PLOT-5034, West ,Wheat,Loamy,YES,2257,23.33,3.32,25.8,,86.6,Low,22
PLOT-5035,West,Rice,Sandy,No,4634,19.05,4.12 MT,28.0,830.1,47.0,Medium,160
PLOT-5036,North,Rice,Silt,Yes,-999,?,3.75,20.0,794.9,45.1,Low,1083
PLOT-5037,North,Wheat,Sandy,Yes,3309,24.45,4.02,17.8,406.3,72.4,Low,-1
PLOT-5038,East,Wheat,?,no,6946,N/A,3.0,21.4,478.7,69.3,Medium,653
PLOT-5039,South,Rice,Clay,Yes,7268,6.6,5.21,23.8,772.4,54.7,Low,381
PLOT-5040,North,Wheat,Silt,Yes,1910,16.66,2.39,18.6,,89.5,High,1146
PLOT-5041,South,Rice,Loamy,Yes,5340,13.3,4.39,24.4,573.1,91.0,High,261
PLOT-5042,North,Wheat,Loamy,Yes,5637,14.53,5.22 MT,15.2,342.5,62.1,Low,62
PLOT-5043,NORTH,Rice,Loamy,No,5009,41.34,4.38,18.3,514.2,89.0,High,1163
PLOT-5044,North,Wheat,Loamy, Y ,7628,23.72,3.56,28.2,546.2,61.1,Low,202
PLOT-5045,East,Soybeans,Sandy,Yes,3169,23.65,3.17,27.8,535.5,80.5,High,600
PLOT-5046,North,Maize,Clay,Yes,3172,35.42,5.04,22.3,500.6,66.2,Low,1090
PLOT-5047,South,Maize,Clay,Yes,6668,11.18,2.09,18.9,402.5,46.7,Low,106
PLOT-5048,South,Soybeans,Silt,no,7313,24.49,2.64,18.8,,91.0,Medium,207
PLOT-5049,North,Rice,Sandy,No,1123,22.2,3.32,22.4,936.1,65.0,Medium,156
PLOT-5050, West ,Wheat,Loamy,Yes,8202,28.88,5.29,28.0,390.8,?,Medium ,732
PLOT-5051,East,Rice,Sandy,YES,4158,44.98,4.26,29.6,884.8,60.2%,Low,693
PLOT-5052,NORTH,Maize,Clay,YES,7789,35.78,2.64 MT,21.8,528.1,41.0,Low,1045
PLOT-5053,West,Maize,Clay,YES,6827,N/A,3.43,18.2,623.3,45.5,Medium,342
PLOT-5054,South,Rice,Loamy,no,1785,38.1,3.06 MT,26.0,588.6,67.3,Medium,521
PLOT-5055,NORTH,Wheat,Sandy,Yes,7139,11.83,2.95,20.0,481.2,77.9,Low,181
PLOT-5056,North,Wheat,Clay,No,7344,6.22,4.97,21.6,777.1,58.4,Medium,1199
PLOT-5057,North,Rice,Sandy,Yes,3416,13.18,2.15,31.8,622.7,78.3,High,573
PLOT-5058,North,Maize,Clay,YES,1796,18.62,5.73,29.0,514.2,78.4,LOW,521
PLOT-5059,North,Maize,Sandy,No,5172,25.42,4.79,25.4,365.2,78.7,?,1153
PLOT-5060,North,Rice,Clay,No,5154,29.61,5.11 MT,17.5,439.2,?,Low,114
PLOT-5061,North,Cotton,Loamy,No,7574,41.42,3.24,25.7,304.6,90.3,Medium,683
PLOT-5062,West,Maize,Clay,Yes,7781,25.39,3.62,30.3,602.2,66.9,Low,816
PLOT-5063,North,Wheat,Sandy,Yes,6619,25.05,2.08,22.4,384.6,64.8,Medium,1074
PLOT-5064,North,Wheat,Clay, N ,2936,7.01,3.17,31.9,552.2,51.0,Medium,898
PLOT-5065,South,Wheat,Clay,no,3156,6.4,4.39,31.6,846.6,56.9,None,885
PLOT-5066,North,Wheat,Sandy,Yes,4807,27.05,5.36,33.7,815.9,42.3,Medium,686
PLOT-5067,West,Wheat,Sandy,Yes,8151,22.53,2.47,26.2,594.2,74.8,High  ,330
PLOT-5068,North,Wheat,Sandy,Yes,2301,38.57,3.36,27.7,584.3,53.7%,High,344
PLOT-5069,East ,Wheat,Clay,No,5163,N/A,3.62,32.3,938.4,56.7,Medium ,1193
PLOT-5070,East,Wheat,Loamy,YES,4140,6.0,2.13 MT,27.0,693.7,82.4,High,273
PLOT-5071,North,Soybeans,Silt,Yes,4236,22.96,4.51,21.7,541.0,58.0,Medium,874
PLOT-5072,North,Wheat,Loamy,Yes,3352,14.5,2.93,22.0,343.3,53.3%,Low,361
PLOT-5073,West,Rice,Clay,YES,2932,6.98,3.57,25.8,670.9,49.3,Low,685
PLOT-5074,East,Rice,Sandy,No,3721,33.98,3.26 MT,17.4,749.3,82.6,Low,928
PLOT-5075,East,Cotton,Clay,Yes,1364,9.46,2.85,23.7,486.3,UNKNOWN,Medium,-1
PLOT-5076,East,Wheat,Clay,No,5916,29.33,3.79,30.5,652.4,65.0,Medium,43
PLOT-5077,North,Rice,Unknown,Yes,6498,16.24,3.54,12.4,534.6,67.9,Medium,1178
PLOT-5078,North,Cotton,Clay,Yes,3390,11.94,3.35,32.9,,77.8,?,360
PLOT-5079,North,Soybeans,Sandy,No,1946,20.19,2.93 MT,30.7,152.2,74.8,Medium ,592
PLOT-5080,West,Soybeans,Sandy,No,8042,37.06,4.18,22.0,560.1,84.6,Low,474
PLOT-5081,South,Wheat,Loamy,YES,6673,20.68,5.78,27.5,774.5,42.5%,Low,357
PLOT-5082,North,Wheat,Sandy,No,2377,35.03,3.97,24.5,486.3,56.3,Low,134
PLOT-5083,North,Maize,Clay,No,2439,10.02,5.0,31.3,609.5,55.4,Low,366
PLOT-5084,North,Cotton,Clay,Yes,4180,35.91,2.13,29.9,463.9,48.0,High,536
PLOT-5085,North,Maize,Sandy,Yes,5857,N/A,3.99 MT,16.8,664.9,55.9,Medium,507
PLOT-5086,East,Maize,Clay,Yes,1340,32.1,2.48,27.7,561.0,57.0,Medium,1186
PLOT-5087,South,Wheat,Sandy,Yes,3989,27.63,2.03,23.4,430.9,68.7,LOW,62
PLOT-5088,West,Soybeans,Clay,No,1382,42.17,2.91 MT,25.0,839.9,76.5,High,158
PLOT-5089,South,Wheat,Clay,yes,6099,20.49,5.23 MT,20.5,767.2,61.0,Low,512
PLOT-5090,North,Rice,Sandy,Yes,2556,7.65,4.94,34.1,MISSING,79.6,Medium,879
PLOT-5091,East,Rice,Clay,Yes,1299,5.77,4.09,30.2,689.6,58.5%,Low,228
PLOT-5092,East,Rice,Sandy,YES,1138,38.07,1.96,20.4,696.7,56.0%,Low,461
PLOT-5093,South,Wheat,Loamy,Yes,1358,N/A,3.56,17.2,715.6,69.8,Low,92
PLOT-5094,East,Wheat,Loamy,No,5931,36.01,4.16,-50.0,295.0,41.3,Medium,747
PLOT-5095,South,Maize,Clay,No,2522,14.38,4.01,26.9,781.2,44.4,Low,536
PLOT-5096,South,Wheat,Clay,No,4456,18.8,1.59 MT,25.8,,63.0,Low,413
PLOT-5097,South,Maize,Clay,Yes,2627,6.2,2.73,31.4,535.6,91.9,Medium,299
PLOT-5098,North,Wheat,Sandy,Yes,7078,43.46,3.72,28.8,1074.8,79.7,High,429
PLOT-5099,North,Rice,Loamy,No,2303,31.71,4.44,29.8,654.3,44.8,Low,348
PLOT-5100,North,Rice,Clay,No,7626,42.33,1.16,120.0,530.5,86.5%,Low,786
PLOT-5101,South,Wheat,Silt,Yes,6004,15.62,3.61,16.9,203.0,80.3,High,720
PLOT-5102,North,Rice,Clay,No,2134,29.46,3.97,23.4,850.2,73.6,Low,996
PLOT-5103,South,Wheat,Sandy,Yes,8009,32.14,4.82,30.3,357.9,85.1,Medium ,968
PLOT-5104,NORTH,Wheat,Loamy,No,3186,17.7,4.63 MT,24.2,419.4,62.2,Medium,695
PLOT-5105,North,Cotton,Silt,Yes,6091,38.92,4.5 MT,27.3,540.4,52.2,Low,1069
PLOT-5106,South,Rice,Loamy, Y ,7578,42.89,2.84,22.7,855.0,68.2,Low,382
PLOT-5107,East,Soybeans,Loamy,Yes,7652,40.39,1.51,18.8,739.2,70.2%,Low,1003
PLOT-5108,North,Wheat,Clay,Yes,7416,34.56,3.33,23.8,571.6,69.6,Low,540
PLOT-5109,North,Maize,Loamy,Yes,-999,16.1,5.0,26.2,,71.1,Low,933
PLOT-5110,North,Soybeans,Clay,Yes,4835,16.26,5.47,20.9,491.9,92.2,Medium,32
PLOT-5111,North,Maize,Silt,YES,3151,43.53,4.65 MT,23.2,625.1,?,Low,113
PLOT-5112,NORTH,Rice,Sandy,yes,2237,5.41,4.32,19.3,613.2,88.2,Medium,250
PLOT-5113,West,Rice,Loamy,Yes,6880,33.64,4.26,30.7,774.4,84.1,Medium,1014
PLOT-5114,South,Rice,Sandy,Yes,4735,33.25,3.13,22.9,774.1,91.9,Low,912
PLOT-5115,West,Cotton,Sandy,No,7905,29.91,3.64,32.5,688.9,45.4%,Low,1175
PLOT-5116,West,Soybeans,Sandy,no,3834,44.6,5.8,32.9,534.8,54.6%,Low,823
PLOT-5117,North,Cotton,Loamy,No,5260,17.48,2.67,24.1,733.5,67.2,Low,664
PLOT-5118,West,Wheat,Clay,Yes,1998,18.6,5.74 MT,19.0,583.4,UNKNOWN,Medium,-1
PLOT-5119,South,Maize,Clay,Yes,3567,?,3.41,13.0,405.3,67.8,Low,316
PLOT-5120,West,Cotton,Clay,No,2307,22.71,5.39,16.4,527.4,81.1,High,17
PLOT-5121,West,Wheat,Clay,Yes,7660,15.44,2.11,16.9,615.2,47.6,Low,1102
PLOT-5122,North,Wheat,Silt,No,1656,18.74,4.5,32.1,763.8,53.9,Medium,584
PLOT-5123,North,Maize,Clay,Yes,3660,38.38,2.92,25.1,567.0,80.2%,Medium,1101
PLOT-5124,North,Maize,?,No,3211,42.42,2.1,26.6,MISSING,49.1,Medium,921
PLOT-5125,South,Soybeans,Clay,Yes,2909,12.43,4.06 MT,12.3,610.2,59.3%,Low,999999
PLOT-5126,West,Wheat,Clay,No,4730,19.9,5.01,17.9,620.4,54.6,Low,1152
PLOT-5127,West,Soybeans,Loamy,Yes,3046,42.15,?,29.4,633.5,59.2,Medium,1064
PLOT-5128,North,Wheat,Loamy,No,7207,?,2.0,26.1,765.6,79.0%,Low,492
PLOT-5129,South,Wheat,Sandy,Yes,4162,8.69,?,23.7,783.4,60.2,Low,216
PLOT-5130,South,Wheat,Sandy,No,2140,11.51,3.7,27.6,493.0,70.5,Medium,678
PLOT-5131,North,Soybeans,Loamy,No,6985,28.81,4.46,33.5,489.1,45.5,Medium,588
PLOT-5132,North,Maize,Clay,No,1266,11.02,4.94,23.3,412.8,?,Medium,396
PLOT-5133,North,Rice,Unknown,No,2845,43.72,3.73,24.9,725.8,60.3,Medium,421
PLOT-5134, West ,Rice,?,No,2708,22.87,6.03 MT,25.6,860.8,75.7%,Medium,900
PLOT-5135,North,Soybeans,Loamy,YES,4630,25.06,4.07,37.7,543.3,79.9,Medium,915
PLOT-5136,South,Rice,Clay,Yes,4211,14.87,3.38,-50.0,556.5,51.5,Medium,972
PLOT-5137,East,Soybeans,Loamy,YES,3293,N/A,1.87,28.3,864.0,88.7,Medium,974
PLOT-5138,North,Rice,Clay,Yes,4732,31.48,3.48 MT,23.9,691.0,73.9,LOW,149
PLOT-5139,East ,Rice,Clay,Yes,4829,35.05,3.4,27.6,678.5,63.6,Low,309
PLOT-5140, West ,Rice,Clay,Yes,7538,35.15,4.95,20.9,385.6,50.0,Low,1046
PLOT-5141,North,Rice,Sandy,Yes,2510,28.12,?,24.2,722.2,91.8%,High,673
PLOT-5142,South,Maize,Silt,No,1475,41.17,2.38,28.4,432.8,81.5,Medium,834
PLOT-5143,North,Rice,Loamy,No,1976,?,4.01,41.6,395.9,51.4,Low,409
PLOT-5144,North,Wheat,Loamy,No,2207,35.28,4.61,28.9,537.6,58.6,LOW,1001
PLOT-5145,North,Soybeans,Sandy,Yes,6139,7.22,5.63,19.8,494.6,84.5,Low,1142
PLOT-5146,South,Rice,Clay,Yes,2960,5.28,4.87,22.2,560.1,78.3,Medium,158
PLOT-5147,South,Rice,Sandy,Yes,1557,13.5,4.71,22.0,340.6,?,High,316
PLOT-5148,North,Cotton,Unknown,Yes,6113,31.54,3.87,14.6,772.6,64.3,High  ,1093
PLOT-5149,North,Maize,Clay,Yes,6701,21.45,4.27,22.7,803.0,79.4%,Low,444
PLOT-5150,NORTH,Wheat,Silt,Yes,1882,21.1,5.3,28.5,249.5,61.3,Medium,30
PLOT-5151,North,Cotton,Sandy,Yes,3194,40.38,2.2,17.5,776.1,?,Low,884
PLOT-5152,North,Maize,Sandy,No,5761,40.82,3.38,30.3,454.1,74.8,Low,391
PLOT-5153,South,Rice,Loamy,No,8471,41.37,2.87,27.2,754.3,93.7,Low,254
PLOT-5154,East ,Wheat,Sandy,yes,3667,17.56,4.25,20.5,587.7,57.1,Medium,1106
PLOT-5155,North,Soybeans,Silt,no,6867,32.64,5.28,23.7,605.2,65.4,Medium,1109
PLOT-5156,East,Maize,Silt,No,7963,15.87,3.08,33.3,566.7,77.1,Low,707
PLOT-5157,East,Rice,Sandy,Yes,5959,12.62,0.93 MT,28.5,818.2,69.8%,Medium,599
PLOT-5158,North,Soybeans,Clay,No,5677,12.39,3.31,24.5,376.9,86.4%,Medium,399
PLOT-5159,East,Soybeans,Sandy,No,8166,18.68,4.9,23.2,MISSING,81.9,High,577
PLOT-5160,North,Wheat,Silt,Yes,5790,22.2,?,24.9,798.2,43.2,Medium ,268
PLOT-5161,South,Rice,Clay,Yes,6347,38.24,4.31,21.7,728.9,94.9,Low,435
PLOT-5162,South,Wheat,Sandy,YES,8269,N/A,3.46,12.9,1018.4,81.4,High  ,1039
PLOT-5163,South,Maize,Sandy,Yes,2610,34.4,2.27,35.7,504.8,87.5,LOW,15
PLOT-5164,North,Wheat,Loamy,No,4488,26.26,4.42,25.4,772.3,75.8,Low,200
PLOT-5165,West,Maize,Clay,No,6335,16.52,2.8,26.7,580.9,87.1,Low,157
PLOT-5166,North,Soybeans,Loamy,Yes,3454,24.71,6.42,24.2,822.0,46.2,Low,414
PLOT-5167,North,Soybeans,Silt,Yes,5494,17.0,4.48,20.5,598.6,59.1,Low,267
PLOT-5168,North,Rice,Clay,Yes,2946,28.84,3.1 MT,23.5,530.2,88.2,Medium,739
PLOT-5169,South,Soybeans,Clay,Yes,5810,22.35,3.07 MT,15.7,835.1,51.1,Medium,99
PLOT-5170,East,Wheat,?,Yes,5799,11.58,3.69 MT,37.0,511.5,44.3,Medium,833
PLOT-5171,North,Soybeans,Clay,YES,3808,9.66,3.51,17.7,345.7,83.3,Medium,19
PLOT-5172,South,Wheat,Silt,Yes,7642,26.87,5.14,18.8,507.0,86.0,Low,1120
PLOT-5173,North,Rice,Sandy,Yes,4825,41.1,4.02 MT,22.1,711.4,48.9,LOW,847
PLOT-5174,South,Soybeans,Clay,Yes,4536,N/A,2.92 MT,31.6,850.6,87.0,Low,1184
PLOT-5175,North,Wheat,Silt, Y ,6810,34.32,6.07,24.6,620.0,77.8,?,997
PLOT-5176,East,Wheat,Sandy,Yes,7068,31.35,3.86,17.7,,68.6,Low,634
PLOT-5177,North,Maize,Sandy,Yes,8117,42.26,4.72 MT,31.4,355.5,85.7,High  ,39
PLOT-5178,NORTH,Maize,Sandy,YES,4802,37.84,?,28.5,520.2,63.1,Low,137
PLOT-5179,North,Maize,Sandy,YES,5177,27.66,4.24,27.5,548.1,50.7,Low,1111
PLOT-5180,North,Maize,Clay,Yes,5699,31.28,4.17,28.4,579.4,55.7,Low,430
PLOT-5181,North,Rice,Sandy,YES,2970,40.94,1.53,37.7,615.1,67.8,Medium,1088
PLOT-5182,NORTH,Wheat,?,Yes,6806,N/A,6.22,36.5,724.4,69.2,LOW,314
PLOT-5183,West,Rice,Clay,Yes,7142,N/A,5.35,20.7,519.9,?,Low,555
PLOT-5184,North,Wheat,Loamy,Yes,4822,5.43,3.32,33.4,625.0,83.5,Medium ,1138
PLOT-5185,East,Cotton,Clay,Yes,3819,38.06,2.48,26.6,591.9,?,Medium,31
PLOT-5186,West,Maize,Loamy,No,1902,37.04,4.22,27.2,433.3,82.9%,Medium,400
PLOT-5187,South,Rice,Clay,Yes,1364,9.18,3.9,15.2,579.5,50.5,High,626
PLOT-5188,South,Rice,?,Yes,5258,28.07,4.23 MT,23.6,574.1,42.8,Low,158
PLOT-5189,North,Cotton,Sandy,No,4119,?,4.03,20.0,570.3,88.0%,Low,308
PLOT-5190,North,Wheat,Clay,No,3558,9.75,4.41,29.1,605.7,44.2,Medium ,181
PLOT-5191,West,Maize,Clay,Yes,8496,?,5.54,30.4,613.6,53.6,Medium ,56
PLOT-5192,NORTH,Rice,Clay,No,2863,13.59,4.48,13.1,522.2,78.2,?,635
PLOT-5193,South,Maize,Sandy,Yes,1115,7.69,2.54,24.4,829.1,62.5,Medium ,216
PLOT-5194,North,Wheat,Clay,No,8084,28.79,?,30.7,389.5,88.2,Low,462
PLOT-5195,North,Soybeans,Loamy,No,3384,?,5.77,23.5,470.2,56.4,High,934
PLOT-5196,East,Cotton,Sandy, Y ,5976,6.3,7.58,28.5,1100.4,40.7,Low,763
PLOT-5197,West,Maize,Clay,Yes,7880,31.35,2.45,26.4,413.2,56.5,None,717
PLOT-5198,West,Maize,Sandy,Yes,4935,26.29,4.09,26.4,356.3,71.8,Medium,1018
PLOT-5199,East,Cotton,Loamy,Yes,-999,N/A,1.3,23.0,732.2,60.7,Medium,685
PLOT-5200,South,Maize,Clay,Yes,7290,11.9,4.46,17.8,226.1,69.4,Medium,864
PLOT-5201,North,Wheat,Clay,Yes,6442,27.72,3.14,18.3,557.7,88.2,Low,792
PLOT-5202,North,Maize,Clay,no,3490,16.85,6.11 MT,28.4,986.2,90.2,Low,1143
PLOT-5203,West,Maize,Loamy,Yes,7980,42.53,2.87,24.6,321.9,54.6,LOW,693
PLOT-5204,South,Rice,Loamy,Yes,6132,37.75,1.77,23.7,243.2,65.4%,High,972
PLOT-5205,North,Maize,Sandy,No,1942,44.34,3.23,22.2,330.1,70.2,Low,873
PLOT-5206,North,Cotton,Loamy,Yes,2724,15.39,1.43,22.8,761.7,92.2,High,177
PLOT-5207,East,Cotton,Loamy,No,3334,43.79,4.7,30.3,MISSING,94.9,Medium,95
PLOT-5208,North,Rice,Sandy,Yes,3767,22.25,1.32,22.7,507.7,52.9,Low,858
PLOT-5209,North,Wheat,Silt,Yes,2137,18.9,3.83,17.1,723.0,80.0,Low,1084
PLOT-5210,South,Cotton,Clay,Yes,3527,7.01,1.31,28.6,850.2,?,LOW,1145
PLOT-5211,East,Soybeans,Clay,Yes,5117,7.11,3.42,23.4,921.7,40.4,Medium,451
PLOT-5212,East,Wheat,Clay,no,4420,N/A,5.77,24.7,555.7,40.5,Medium,280
PLOT-5213,North,Cotton,Clay,Yes,6845,?,?,33.3,185.7,65.3,Medium,353
PLOT-5214,East,Soybeans,Sandy,Yes,5778,14.06,2.76,24.4,452.2,66.9,Low,512
PLOT-5215,North,Rice,Silt,Yes,4906,29.56,3.76,26.1,523.2,41.2,Medium,1043
PLOT-5216,North,Maize,Clay,Yes,4637,15.11,3.82,18.0,553.4,77.8,Low,503
PLOT-5217,East,Rice,Clay,no,3953,28.11,4.37 MT,23.3,566.2,56.2,Low,253
PLOT-5218,South,Wheat,Sandy,Yes,99999,19.37,2.16,27.9,801.4,70.8,Medium,276
PLOT-5219,West,Rice,Silt,No,3367,?,4.51,15.9,829.4,56.6,Medium ,902
PLOT-5220,East,Soybeans,Clay, Y ,5221,37.83,0.55,25.6,569.1,49.2,Low,210
PLOT-5221,South,Wheat,Sandy,No,-999,24.09,3.04,25.1,797.7,62.4,Low,248
PLOT-5222,North,Rice,Clay,no,2999,19.03,3.21,24.7,664.4,52.8%,Medium,924
PLOT-5223,North,Rice,Clay,Yes,2227,19.5,4.56,30.2,611.6,69.4,LOW,978
PLOT-5224,North,Rice,Unknown,Yes,7337,37.23,3.83 MT,26.3,MISSING,50.9,Medium,493
PLOT-5225,North,Cotton,?,Yes,4752,18.13,2.11,32.6,613.0,68.0,LOW,255
PLOT-5226,East ,Rice,Clay,No,4735,13.36,2.62,19.0,970.4,48.7,Medium,1041
PLOT-5227,North,Rice,?, N ,1695,8.39,4.04 MT,25.2,341.1,76.9,High,161
PLOT-5228,West,Maize,Sandy,Yes,2309,23.67,3.71,25.0,507.3,81.5,Low,220
PLOT-5229,South,Rice,Silt,No,5152,24.29,3.11,18.6,577.2,46.1,Low,376
PLOT-5230,East,Wheat,Sandy,Yes,8470,38.64,3.22,29.8,679.1,65.7,Low,953
PLOT-5231,South,Rice,Sandy,No,4234,13.85,4.64,37.3,828.2,43.9%,Medium,95
PLOT-5232,South,Wheat,Sandy,Yes,5114,20.24,3.18,24.4,595.6,72.9%,Medium ,1088
PLOT-5233,South,Wheat,Loamy, N ,3311,37.34,3.69 MT,27.3,344.0,54.5,LOW,455
PLOT-5234,North,Rice,Clay,No,3841,37.94,6.4 MT,25.0,751.7,?,Low,629
PLOT-5235,East,Rice,Clay,Yes,5208,20.38,2.09,20.6,735.9,68.5,Low,313
PLOT-5236,North,Cotton,Clay,Yes,4559,N/A,1.58,14.5,250.5,90.8,Low,999999
PLOT-5237,North,Rice,Loamy,Yes,4398,17.13,4.74,20.6,599.3,70.2%,Low,913
PLOT-5238,South,Maize,Clay,Yes,1541,42.3,2.99,16.8,313.8,72.1,Medium,997
PLOT-5239,North,Maize,Loamy,Yes,3694,9.75,3.42,33.9,480.4,62.1%,Medium ,56
PLOT-5240, West ,Wheat,?,YES,5674,42.35,2.86,23.9,437.5,92.2,High  ,766
PLOT-5241, West ,Maize,Clay,No,2088,32.35,3.49,22.6,745.7,UNKNOWN,Medium,699
PLOT-5242,NORTH,Wheat,Loamy,Yes,4363,26.26,5.72,29.4,621.0,55.7,High,1057
PLOT-5243,North,Cotton,Sandy,Yes,99999,6.31,4.76,18.3,368.6,86.4,Medium,696
PLOT-5244,North,Wheat,Silt,YES,2572,24.02,4.83,20.3,758.4,63.8,Low,795
PLOT-5245,NORTH,Rice,Clay,No,7144,21.31,2.1,24.9,341.9,85.6,Medium,349
PLOT-5246,South,Wheat,Loamy,Yes,3958,11.45,2.42 MT,30.2,659.4,85.3%,Medium,421
PLOT-5247, West ,Cotton,Loamy,No,6668,31.26,0.5,27.3,453.5,50.4,Medium,295
PLOT-5248, West ,Rice,Silt,Yes,5236,43.85,2.83,25.9,534.2,78.6,Low,1119
PLOT-5249,West,Maize,Loamy,Yes,2767,27.49,?,24.9,690.8,56.0,Low,859
PLOT-5250,North,Wheat,Sandy,Yes,5743,33.59,4.42,26.7,693.9,56.4,Low,439
PLOT-5251,North,Maize,Sandy,Yes,3235,7.74,3.53 MT,25.6,MISSING,56.3,High  ,40
PLOT-5252,West,Wheat,Silt,Yes,8295,21.71,3.77,18.8,585.2,79.9,Low,-1
PLOT-5253,North,Soybeans,Sandy, Y ,1200,9.65,2.97,24.8,655.2,52.6,High,449
PLOT-5254,North,Wheat,Clay,YES,4198,29.51,4.05,18.6,521.2,40.0,High,994
PLOT-5255,South,Wheat,Silt,No,1256,42.54,4.72 MT,24.9,MISSING,79.3%,Low,421
PLOT-5256,NORTH,Wheat,Loamy,Yes,4747,31.47,1.86,21.9,679.1,49.4,Medium,537
PLOT-5257,East,Rice,Loamy,Yes,5642,N/A,4.16,38.5,582.3,UNKNOWN,LOW,319
PLOT-5258,South,Maize,Clay,No,99999,19.19,4.92,24.3,275.3,53.1,Medium,958
PLOT-5259,North,Wheat,Loamy,Yes,7846,27.03,3.3,16.8,659.7,60.9,High  ,683
PLOT-5260,South,Soybeans,Sandy,Yes,4175,21.13,?,23.8,,66.2,Low,446
PLOT-5261,Southwest,Rice,Loamy,Yes,4606,38.35,7.18,27.4,477.6,42.5,Low,713
PLOT-5262,North,Rice,Clay,YES,4336,37.59,3.67,33.7,368.8,93.4,LOW,672
PLOT-5263,South,Rice,Loamy,Yes,5897,29.47,4.27,21.3,865.7,79.4%,High,374
PLOT-5264,West,Rice,Unknown,Yes,6037,19.94,2.91 MT,15.8,688.5,57.8,None,932
PLOT-5265,East,Maize,Clay,No,8427,15.21,4.02 MT,29.0,MISSING,57.5,Medium,122
PLOT-5266,East,Wheat,?,Yes,1413,9.23,4.35 MT,16.9,395.3,64.7,Medium ,185
PLOT-5267,East,Wheat,Sandy,Yes,3014,19.2,4.03,22.1,452.1,74.4,High,1182
PLOT-5268,North,Soybeans,Silt,Yes,2381,21.53,2.58,23.1,,48.1,High,945
PLOT-5269,North,Cotton,Loamy,Yes,2098,32.03,4.05,24.1,624.8,50.4,Medium,391
PLOT-5270,West,Rice,Sandy,No,4426,31.33,5.55,28.3,500.9,87.3,Low,315
PLOT-5271,West,Wheat,Loamy,Yes,4655,7.8,4.34,20.7,691.7,54.1,Medium ,611
PLOT-5272,West,Maize,Silt,Yes,1909,20.81,4.95,23.0,453.4,60.9,Low,352
PLOT-5273,NORTH,Rice,Sandy,YES,1187,12.27,3.52,24.4,MISSING,87.9,Medium,165
PLOT-5274,South,Wheat,Clay,YES,5044,11.27,?,25.3,843.5,76.5,Low,721
PLOT-5275,South,Wheat,Loamy,YES,4756,38.09,4.14,25.0,516.0,58.8,Medium,1088
PLOT-5276,East,Maize,Loamy,Yes,3015,6.68,2.66,26.9,486.8,77.6,Medium,412
PLOT-5277,South,Maize,Loamy,Yes,6409,21.77,4.18 MT,29.1,128.7,41.1%,Low,623
PLOT-5278,East,Wheat,Loamy, N ,3092,11.73,2.61,26.7,333.3,80.5,LOW,806
PLOT-5279,East,Wheat,Sandy,No,4644,40.17,3.04,27.0,358.9,66.8,Low,632
PLOT-5280,West,Wheat,Loamy,Yes,3130,27.28,4.03,15.8,,UNKNOWN,Medium,612
PLOT-5281,North,Maize,Clay,Yes,6242,14.26,4.16,24.8,541.3,92.5,Low,186
PLOT-5282,North,Wheat,Sandy,Yes,1357,25.1,2.37,27.1,357.8,90.9,Low,458
PLOT-5283,North,Wheat,Clay,no,6647,34.26,5.06,28.5,549.4,90.0,Low,752
PLOT-5284,South,Soybeans,Clay,Yes,6185,43.32,4.49,20.7,691.0,68.2,Medium,310
PLOT-5285,North,Wheat,Sandy,Yes,8079,13.82,2.95,20.9,695.0,59.8,Low,716
PLOT-5286,South,Maize,Sandy,Yes,6776,40.45,1.95,21.3,258.1,65.6,Medium ,316
PLOT-5287,South,Wheat,Loamy,No,3422,42.37,3.63,27.5,576.9,77.9,Low,760
PLOT-5288,North,Wheat,Sandy,YES,5257,?,3.26,30.2,351.0,88.6,Low,878
PLOT-5289,South,Wheat,Sandy,Yes,8355,30.42,3.94,22.3,,51.4,Low,223
PLOT-5290,North,Maize,Clay,No,7465,30.19,3.36,29.5,741.1,90.5,Low,492
PLOT-5291,North,Soybeans,Sandy, Y ,5545,21.13,1.39 MT,25.2,438.4,84.8,High,1100
PLOT-5292,West,Soybeans,Clay,Yes,2497,35.1,3.33 MT,23.8,462.1,93.8,LOW,142
PLOT-5293,North,Rice,Clay,Yes,6132,26.25,3.43 MT,23.3,517.0,88.4,Medium,521
PLOT-5294,North,Maize,Sandy,Yes,7327,32.1,4.56,28.6,194.5,55.4%,Low,220
PLOT-5295,South,Wheat,Loamy,No,3158,22.14,2.96,26.3,660.5,45.8,Low,997
PLOT-5296,East,Wheat,Sandy,No,7046,34.26,5.81,37.0,550.9,46.2,Medium,996
PLOT-5297,North,Soybeans,Sandy,No,99999,37.98,1.51,19.8,774.6,56.0,High  ,726
PLOT-5298,South,Wheat,Sandy,No,6409,10.86,5.37,27.3,,73.8,Low,262
PLOT-5299,North,Wheat,Silt,Yes,3342,38.32,3.53,21.6,488.6,84.2,Medium,47
PLOT-5300,North,Wheat,Sandy,no,3951,26.61,?,19.7,328.8,89.5%,Low,1076
PLOT-5301,South,Wheat,Sandy,Yes,2238,38.79,3.9,24.4,419.2,74.3,Low,638
PLOT-5302,South,Wheat,Clay,Yes,1973,22.25,5.17,25.3,387.2,40.3,Medium,996
PLOT-5303,South,Maize,Clay,No,5727,20.16,3.34,40.5,779.3,50.2,Low,55
PLOT-5304,East,Rice,Sandy,No,4965,41.6,2.48,23.5,474.3,45.5,High,314
PLOT-5305,East ,Soybeans,Sandy,Yes,6686,?,5.5,18.3,622.4,60.0,Low,242
PLOT-5306,South,Soybeans,Sandy,YES,2050,38.77,3.66 MT,26.0,531.5,67.6,Medium,254
PLOT-5307,North,Rice,Sandy,no,4701,24.36,4.07 MT,13.1,371.5,42.4,Low,769
PLOT-5308,East,Wheat,Sandy,Yes,3780,25.56,5.28 MT,24.0,569.7,59.2,High  ,848
PLOT-5309,North,Rice,Loamy, N ,8398,?,2.56,24.6,707.8,49.9,Low,167
PLOT-5310,South,Maize,Loamy,Yes,2588,27.92,4.51,28.9,,75.6,LOW,1034
PLOT-5311,North,Wheat,Loamy,Yes,4878,18.01,3.09,29.9,745.6,65.5,High,226
PLOT-5312,North,Maize,?,Yes,3368,6.57,3.64 MT,21.7,447.1,67.2,High  ,937
PLOT-5313, West ,Rice,Clay,no,8056,15.88,3.89,23.7,513.1,63.5,Medium,516
PLOT-5314,West,Maize,Clay,No,8400,5.26,2.0,20.3,695.5,92.6,Medium,770
PLOT-5315,East,Rice,Clay,Yes,6789,44.13,2.87,18.3,480.6,51.8,Low,913
PLOT-5316,South,Wheat,Sandy,Yes,1436,43.63,5.42,26.2,606.8,68.4,Low,590
PLOT-5317,North,Cotton,Silt,No,3828,20.81,4.86,17.5,543.4,80.5,Low,1063
PLOT-5318,North,Soybeans,Clay,Yes,2556,34.13,3.72,22.2,623.3,70.6,Low,636
PLOT-5319,North,Wheat,Silt,no,6172,18.83,4.09,19.0,171.5,91.1,?,529
PLOT-5320,South,Soybeans,Clay,YES,4858,31.84,3.45,27.5,270.7,60.8,Low,284
PLOT-5321,East,Rice,Silt,Yes,8480,?,5.43,34.4,710.9,65.5,Medium,501
PLOT-5322,East,Soybeans,Sandy, Y ,2304,42.87,3.56,17.3,786.7,44.9,Medium,836
PLOT-5323,North,Soybeans,Clay,Yes,7869,21.01,4.08,14.3,436.1,73.5,Medium,960
PLOT-5324, West ,Rice,Sandy, N ,7174,36.33,5.18,23.8,556.1,55.9,Medium,935
PLOT-5325,East,Wheat,Clay,No,3384,15.64,2.87,24.6,653.0,48.8,Low,856
PLOT-5326,South,Wheat,Clay,No,1182,44.61,5.67,25.7,724.8,69.9,Medium,1069
PLOT-5327,South,Rice,Clay,Yes,8190,6.03,1.96,22.0,235.0,69.3%,Low,1077
PLOT-5328,South,Maize,Loamy,no,7687,29.14,5.76,23.4,440.5,44.2,High  ,1188
PLOT-5329,North,Wheat,Sandy,Yes,6565,31.38,3.35,26.5,540.1,78.4,High,1110
PLOT-5330,North,Wheat,Clay,Yes,8241,32.52,3.51,30.2,726.6,74.3%,?,48
PLOT-5331,East,Soybeans,Sandy,Yes,8177,9.82,1.53,13.7,1049.7,50.4,Low,248
PLOT-5332,North,Cotton,Loamy,No,6575,42.54,3.25,22.5,559.0,?,Low,1046
PLOT-5333,North,Rice,Clay,Yes,2589,12.25,2.55,25.7,346.7,79.6,Low,131
PLOT-5334,North,Wheat,Sandy,No,2587,29.91,3.07,19.5,672.4,69.1%,Low,153
PLOT-5335,North,Wheat,Clay,no,1659,13.91,3.64,34.0,837.8,61.8,Low,693
PLOT-5336,West,Wheat,Clay,Yes,1159,17.29,4.95,21.0,619.4,57.7%,Medium,464
PLOT-5337,East,Cotton,Loamy,No,4953,26.86,4.05,24.3,,73.6,Low,377
PLOT-5338,South,Wheat,Clay,Yes,8181,21.69,4.17,27.6,772.4,91.7,Medium,768
PLOT-5339,North,Maize,Sandy,YES,8345,11.41,2.49,21.2,719.4,76.9,LOW,256
PLOT-5340,South,Wheat,Loamy,YES,7555,11.84,2.74,14.3,415.3,44.1%,Medium,932
PLOT-5341,South,Maize,Clay,Yes,2011,21.73,5.96,22.1,668.7,65.3,Low,1078
PLOT-5342,North,Maize,Sandy,No,1052,35.29,2.92,30.2,779.5,89.0,Low,774
PLOT-5343,South,Soybeans,Clay,Yes,7551,40.92,5.79,22.6,812.7,45.2,Medium,384
PLOT-5344,North,Wheat,?,Yes,-999,8.37,3.51,19.8,588.0,94.4,Low,216
PLOT-5345,South,Wheat,Sandy,YES,6141,20.72,3.8,29.6,535.5,92.2,Medium,528
PLOT-5346,South,Wheat,Loamy,Yes,6149,9.01,5.08,22.7,820.9,44.3,Low,251
PLOT-5347,North,Cotton,Sandy,Yes,7846,5.66,5.33,21.7,382.2,91.3,LOW,1147
PLOT-5348,North,Soybeans,Clay,Yes,3307,?,3.67,25.3,678.9,60.0,High,828
PLOT-5349,South,Maize,Sandy,YES,2228,29.1,3.33,28.7,353.4,86.5,Medium,311
PLOT-5350,South,Maize,?,Yes,8226,11.52,3.73,37.6,791.8,63.0%,Low,1129
PLOT-5351,West,Maize,Sandy,Yes,6590,14.35,4.21,29.0,553.6,64.2%,Low,710
PLOT-5352,East,Wheat,Loamy,No,7919,5.95,4.87 MT,30.9,828.3,?,High,297
PLOT-5353,North,Cotton,Silt,YES,6585,?,3.81,21.7,688.5,82.6,Medium,163
PLOT-5354,North,Rice,Clay,Yes,2035,43.99,4.54 MT,18.9,379.8,41.9,Low,432
PLOT-5355,South,Rice,Clay,Yes,4702,10.42,5.77,24.8,856.4,72.6,Low,859
PLOT-5356,North,Rice,Sandy,Yes,7046,14.26,4.26,25.1,879.2,50.3%,Low,59
PLOT-5357,South,Wheat,Sandy,Yes,5045,39.74,4.17,18.6,758.8,59.0,High,573
PLOT-5358, West ,Wheat,Loamy,Yes,8457,42.06,1.98,-50.0,462.9,59.1,Low,863
PLOT-5359,South,Maize,Silt,No,5945,21.79,?,26.7,544.9,65.8,Medium,892
PLOT-5360,North,Wheat,Sandy,No,5449,7.02,4.27,26.5,626.2,58.4,Medium,671
PLOT-5361,South,Maize,Clay,No,6194,6.58,3.69,27.3,473.3,45.9,Medium,574
PLOT-5362,South,Wheat,Loamy,Yes,8016,27.96,3.18,26.1,904.6,48.0,LOW,222
PLOT-5363,South,Rice,Clay,YES,6835,20.72,4.09,21.7,626.0,41.8,LOW,1099
PLOT-5364, West ,Wheat,Loamy,Yes,6560,6.15,3.73,21.7,113.4,65.9,Medium,820
PLOT-5365,North,Rice,Sandy, N ,6086,?,5.15 MT,17.9,661.1,92.5,Low,859
PLOT-5366, West ,Maize,Loamy,No,2264,5.45,3.9,34.3,537.3,46.4,Low,1170
PLOT-5367,NORTH,Wheat,Clay,Yes,8161,36.49,2.9,24.6,586.5,92.0,Medium,890
PLOT-5368,North,Maize,Sandy,No,2884,17.26,4.99,23.3,,80.3,Medium,1098
PLOT-5369,North,Rice,Sandy,Yes,8321,6.61,3.54,19.4,745.3,75.1%,Medium,1165
PLOT-5370,North,Maize,Sandy,No,2809,28.53,4.43 MT,40.6,801.5,75.5,Low,343
PLOT-5371,North,Cotton,Clay,Yes,4167,20.91,3.23,18.6,650.9,85.5,Medium,41
PLOT-5372,North,Maize,Loamy,Yes,4797,43.95,?,22.1,538.9,45.9,Low,877
PLOT-5373,East,Wheat,Silt,YES,3341,26.77,3.9,26.8,592.6,67.8,High,907
PLOT-5374,North,Wheat,Clay,Yes,7352,16.01,3.82,27.8,603.5,78.3,Low,1175
PLOT-5375,North,Wheat,Clay,YES,4414,33.38,4.38,29.8,455.6,72.3,Medium,610
PLOT-5376,West,Maize,Clay,Yes,6207,15.86,3.48,34.4,704.2,85.8,Low,997
PLOT-5377,North,Wheat,Sandy,No,1817,41.17,1.6,27.3,682.8,44.0,Low,1182
PLOT-5378,West,Rice,Sandy,No,6895,19.99,3.28,18.7,877.3,78.0,Medium,608
PLOT-5379,North,Maize,Sandy,Yes,7056,26.99,4.75,23.1,,69.4,Low,529
PLOT-5380,North,Rice,Clay,Yes,3437,7.02,3.44 MT,-50.0,476.6,60.9,High,878
PLOT-5381,East,Soybeans,Sandy,Yes,7468,22.04,3.5,35.9,747.7,?,Medium,25
PLOT-5382,South,Wheat,Sandy,Yes,8083,38.29,4.98,16.8,428.8,74.1,Medium,1139
PLOT-5383,West,Wheat,Sandy,Yes,1888,37.23,2.95,31.1,725.3,89.0,Low,292
PLOT-5384,East,Maize,Unknown,No,6951,13.97,1.95,25.5,507.0,67.3,Medium,1137
PLOT-5385,West,Rice,Clay,no,6276,14.04,3.61,29.1,MISSING,85.4,Medium,999999
PLOT-5386,North,Maize,Loamy,YES,1667,37.69,3.22,23.9,650.4,62.1,Medium,1068
PLOT-5387,North,Rice,Sandy,No,5728,42.22,2.64,19.9,118.6,?,Medium,122
PLOT-5388,East,Wheat,Sandy,No,3624,8.81,3.59,28.6,284.8,43.4,Low,317
PLOT-5389,West,Soybeans,Loamy,No,6738,23.0,4.39,28.1,568.1,42.8,Low,968
PLOT-5390,Southwest,Soybeans,Loamy,Yes,5232,18.5,3.79,29.8,614.8,60.9,Low,1086
PLOT-5391,South,Maize,Unknown,no,7042,39.83,4.17,24.4,533.5,58.5%,Low,1114
PLOT-5392,North,Wheat,Clay,No,6793,8.34,5.98 MT,21.2,315.7,79.5,Low,843
PLOT-5393,East,Maize,Clay,No,5523,13.45,3.39,15.9,452.8,80.9,Medium,251
PLOT-5394,North,Rice,Loamy,Yes,6571,35.1,4.13,29.0,670.4,42.8,High,40
PLOT-5395,NORTH,Wheat,Sandy,Yes,7755,7.05,3.19,26.8,704.7,52.2,Low,713
PLOT-5396,West,Cotton,Clay,Yes,8054,24.7,2.78,19.2,597.1,55.1,High  ,878
PLOT-5397,South,Wheat,Clay,YES,1818,22.68,3.1 MT,21.5,808.2,70.1,Medium,242
PLOT-5398,East,Cotton,Clay,Yes,3188,18.38,3.23,21.9,671.5,47.9,Medium ,1067
PLOT-5399,East,Rice,Silt,Yes,2106,20.78,4.23,16.3,465.5,47.4,Medium,960
PLOT-5400,North,Wheat,Clay, N ,3224,26.2,6.62 MT,120.0,,91.9,Medium,68
PLOT-5401,NORTH,Rice,Clay,Yes,1197,11.45,?,18.3,347.5,84.2,Low,780
PLOT-5402,South,Soybeans,Clay,Yes,3671,27.88,3.3,22.2,580.5,49.9,Low,1111
PLOT-5403,West,Maize,Sandy,Yes,7091,37.22,3.72,20.4,800.2,62.4,Low,727
PLOT-5404,North,Soybeans,Clay,No,7834,35.41,4.27 MT,15.6,723.4,59.6,Medium,311
PLOT-5405,West,Maize,Sandy,no,4492,11.16,4.12,35.6,852.4,?,Low,812
PLOT-5406,North,Maize,Clay,Yes,3448,10.97,5.34,31.4,545.5,68.1,High,906
PLOT-5407,North,Soybeans,Loamy,YES,1470,15.73,0.89,20.2,842.3,47.0,Low,121
PLOT-5408,NORTH,Wheat,Clay,Yes,7361,19.44,0.94,26.0,565.2,80.6%,High,326
PLOT-5409,North,Rice,Sandy,no,2948,21.34,3.2,26.8,864.9,61.8,Low,1178
PLOT-5410,North,Wheat,Silt,No,6024,32.19,5.12,31.1,596.1,54.5,Low,677
PLOT-5411, West ,Cotton,Loamy,YES,4899,7.27,1.92,20.0,727.3,60.7,Low,699
PLOT-5412, West ,Cotton,Sandy,Yes,3010,6.39,0.5,30.5,865.5,67.4,Low,27
PLOT-5413,South,Wheat,Clay, Y ,4800,N/A,4.49,21.5,565.2,58.9,Low,1188
PLOT-5414,South,Maize,Clay,No,7775,32.89,4.09,17.2,639.3,53.3,High,787
PLOT-5415,South,Cotton,Loamy,Yes,-999,12.74,2.49,28.5,832.0,61.9,Low,369
PLOT-5416,North,Wheat,Unknown,YES,6001,30.66,2.62,31.6,576.1,41.1,Low,341
PLOT-5417,North,Maize,Loamy,Yes,7318,15.39,2.64 MT,38.7,362.2,82.5,High,537
PLOT-5418,East,Cotton,Sandy,YES,5118,40.44,3.93,17.9,985.7,49.4,Low,21
PLOT-5419,East,Wheat,Loamy,Yes,4796,40.83,3.05,28.3,515.4,42.4,High  ,1108
PLOT-5420,East,Maize,Sandy,No,4988,16.89,4.39,22.2,628.6,UNKNOWN,?,221
PLOT-5421,East,Wheat,Clay,Yes,1234,14.2,0.5,28.8,808.1,82.6,Low,650
PLOT-5422,North,Cotton,Sandy,Yes,8180,21.45,2.77,16.4,490.5,84.8,Low,292
PLOT-5423,South,Cotton,?,Yes,6220,14.62,2.45,17.6,418.6,67.1,Low,789
PLOT-5424,North,Cotton,Clay,Yes,1928,31.9,3.49,20.2,645.7,51.3%,High,1063
PLOT-5425,South,Rice,Loamy,Yes,4607,38.04,3.15,24.9,277.2,80.5,Medium,1042
PLOT-5426,South,Soybeans,Clay,Yes,1522,31.92,4.76 MT,21.0,548.2,78.5,Medium,686
PLOT-5427,West,Soybeans,Sandy,No,6904,37.97,1.57 MT,28.1,644.1,53.5,High,714
PLOT-5428,North,Rice,Clay,Yes,4523,20.88,3.85,30.1,551.4,?,Low,435
PLOT-5429,North,Soybeans,Sandy,Yes,5526,11.25,4.47,27.8,MISSING,45.7,High,600
PLOT-5430,North,Wheat,Loamy,No,5888,34.52,6.03,33.4,887.0,94.0,Medium,100
PLOT-5431,East,Maize,Clay,Yes,2629,19.42,3.22 MT,26.8,618.6,87.3,Medium,465
PLOT-5432,South,Wheat,Loamy,no,6832,31.85,4.19,17.8,857.6,77.8,LOW,453
PLOT-5433,North,Wheat,Loamy,YES,5628,15.83,1.64 MT,32.0,553.2,91.6,Medium,88
PLOT-5434,North,Wheat,Silt,No,8122,8.25,0.93 MT,21.2,,79.7,Low,936
PLOT-5435,East,Maize,Clay,No,6842,44.7,4.81 MT,29.5,648.5,50.5%,Low,112
PLOT-5436,North,Rice,Sandy,no,6771,11.25,3.79,33.2,561.2,64.3,Medium,632
PLOT-5437,West,Maize,Clay,Yes,2316,44.54,5.21,27.0,388.0,43.9,Low,999999
PLOT-5438,East,Wheat,Unknown,Yes,3857,44.09,2.15,16.3,864.6,61.4,High  ,243
PLOT-5439,North,Rice,Silt,Yes,6008,36.75,4.42,19.4,488.0,80.8,Low,653
PLOT-5440,North,Rice,Sandy,No,2124,31.38,6.04 MT,31.8,268.8,61.3%,Medium,799
PLOT-5441,East ,Soybeans,Loamy,Yes,6621,28.11,4.3,23.6,839.1,58.2,Medium,396
PLOT-5442,North,Rice,Sandy,No,6423,39.64,4.13,24.9,509.2,72.7,Low,856
PLOT-5443,North,Maize,Sandy,yes,8014,16.58,3.81,28.7,490.6,88.0,Medium ,47
PLOT-5444,West,Soybeans,Clay,YES,3587,23.71,1.91 MT,28.3,282.2,42.6,LOW,1194
PLOT-5445, West ,Maize,Loamy,Yes,2023,29.78,5.43,26.0,913.4,61.2,Medium,1150
PLOT-5446,East ,Wheat,Clay,Yes,6672,21.45,3.07,23.4,367.9,48.7,Low,250
PLOT-5447,East,Wheat,Loamy,YES,2378,22.1,4.41,120.0,610.5,78.2,Low,1059
PLOT-5448,North,Soybeans,Loamy,No,4374,18.21,1.92,29.2,764.3,45.8,Low,571
PLOT-5449,North,Wheat,Loamy,Yes,2519,27.57,2.38 MT,27.5,675.9,76.6,Low,815
PLOT-5450,East,Soybeans,Clay,Yes,6777,39.02,5.52,23.1,589.3,55.7,Medium,307
PLOT-5451,South,Rice,Clay,no,7093,13.06,?,30.5,293.7,50.9,High  ,814
PLOT-5452,South,Cotton,Clay,No,1226,N/A,5.54,120.0,454.2,91.5,Medium,163
PLOT-5453,NORTH,Soybeans,Sandy,YES,6355,32.56,3.71,19.8,633.8,41.0,LOW,741
PLOT-5454,North,Cotton,Clay,YES,5968,37.93,?,20.3,458.3,64.1,Medium,477
PLOT-5455,South,Rice,Silt,No,1891,27.25,4.87,19.1,636.6,41.2,Medium,58
PLOT-5456,North,Soybeans,Sandy,Yes,6574,36.18,3.09,23.0,722.7,66.6,LOW,55
PLOT-5457,South,Rice,Clay,Yes,5072,5.65,4.64 MT,31.3,773.3,67.6,Medium,789
PLOT-5458,North,Rice,Sandy,Yes,6132,37.74,3.83,20.1,379.3,57.7,LOW,91
PLOT-5459,North,Maize,Sandy,Yes,3257,6.61,1.95,25.5,995.4,47.3,Low,1077
PLOT-5460,North,Soybeans,Sandy,No,3788,40.6,4.0,20.9,738.1,60.7,Low,964
PLOT-5461,South,Cotton,Sandy,No,1396,44.68,6.44,23.1,,77.0,LOW,282
PLOT-5462,East,Soybeans,Silt,no,6219,16.76,4.39,16.2,796.1,83.0,Medium,403
PLOT-5463,South,Rice,Sandy,Yes,3078,13.41,3.73,23.3,1025.8,69.2,LOW,799
PLOT-5464, West ,Rice,Unknown,No,8041,35.61,5.09,23.4,341.0,72.4,Medium ,604
PLOT-5465,North,Maize,Silt,No,5744,15.12,4.05,27.5,559.5,51.0%,Low,67
PLOT-5466,North,Wheat,Clay,No,5424,39.62,4.05 MT,25.7,171.9,55.8,Medium,574
PLOT-5467,West,Wheat,Silt,No,4237,9.11,2.49,17.9,634.7,48.9,Low,10
PLOT-5468,North,Rice,Clay,Yes,6578,10.04,4.08,30.5,MISSING,53.7%,Medium,225
PLOT-5469, West ,Wheat,Loamy,Yes,4893,44.17,5.04 MT,25.7,593.0,52.4,High,775
PLOT-5470,North,Wheat,Sandy,Yes,6047,31.95,2.8,25.6,482.2,68.6,Low,680
PLOT-5471, West ,Wheat,Silt,Yes,3005,38.88,5.51,24.4,231.1,70.9%,Medium,520
PLOT-5472,North,Wheat,Silt,Yes,3016,17.97,3.69,21.7,667.2,92.0,Medium,924
PLOT-5473,West,Wheat,Loamy,No,4171,32.06,2.73 MT,25.7,862.0,50.8,Low,104
PLOT-5474,South,Cotton,Loamy, Y ,3668,28.77,5.0 MT,27.1,493.6,75.3,High,502
PLOT-5475,Southwest,Rice,Clay,No,2878,29.13,3.46,14.9,679.2,84.9%,Medium,774
PLOT-5476,North,Rice,Clay,No,2196,32.3,4.71,21.5,317.7,70.8,High  ,1031
PLOT-5477,South,Maize,Sandy,Yes,2772,28.01,3.45 MT,23.1,682.3,54.0,Low,159
PLOT-5478, West ,Wheat,Clay,No,1161,?,3.73,25.9,529.2,54.4,Low,1056
PLOT-5479,South,Cotton,Loamy,Yes,4976,16.04,4.39 MT,31.1,462.8,42.2,Medium,765
PLOT-5480,South,Soybeans,Clay,Yes,2751,35.74,4.15,20.3,463.1,56.8,Low,408
PLOT-5481,East,Wheat,?,Yes,1775,14.05,1.41,21.8,529.1,81.0%,High  ,419
PLOT-5482,South,Rice,Sandy,Yes,8430,32.69,2.45,21.7,668.8,42.6,Low,140
PLOT-5483,South,Soybeans,Loamy,Yes,6923,14.33,4.92,20.1,363.8,52.1,High,864
PLOT-5484,South,Cotton,Clay,Yes,7417,30.01,3.64,22.6,,78.8,Medium,157
PLOT-5485,NORTH,Rice,Silt,Yes,8170,34.88,3.17,28.7,592.5,83.0,Low,390
PLOT-5486,North,Maize,Silt, N ,6147,13.75,2.17,18.7,402.2,65.0,Low,1142
PLOT-5487,North,Wheat,Sandy,Yes,7469,7.4,2.5,26.9,923.4,78.4,Medium,561
PLOT-5488, West ,Cotton,Sandy,Yes,1939,10.24,1.37 MT,15.1,446.4,61.3,Medium,1154
PLOT-5489,West,Wheat,Loamy,Yes,4220,?,3.68,21.4,479.5,48.8%,Low,304
PLOT-5490,South,Cotton,Clay,No,1539,38.98,3.08,22.7,423.9,61.9,Medium ,1153
PLOT-5491,South,Maize,Sandy,Yes,7631,6.8,2.64 MT,33.7,923.7,71.9,Low,465
PLOT-5492,North,Maize,Sandy,Yes,5917,34.37,3.72,23.0,699.5,92.1,Low,178
PLOT-5493,North,Rice,Clay,Yes,2461,18.65,?,12.4,431.4,43.8,Medium,719
PLOT-5494,South,Wheat,Sandy,Yes,6184,24.14,6.31,13.5,799.1,67.9,Low,1176
PLOT-5495,North,Wheat,Clay,Yes,1355,42.15,1.99,24.7,636.1,58.1,Medium ,46
PLOT-5496,South,Wheat,Clay,Yes,4604,18.28,5.19 MT,27.9,646.3,68.0,Low,240
PLOT-5497,North,Wheat,Clay,Yes,4323,23.61,4.97,26.6,538.0,41.3,Low,263
PLOT-5498,East ,Soybeans,?,Yes,1234,5.55,2.87,25.4,465.1,57.2,Low,338
PLOT-5499,East ,Rice,Sandy,Yes,7370,8.26,4.04,-50.0,660.8,85.1,Medium,989
PLOT-5500,East,Wheat,?,YES,2548,15.34,3.25,21.5,501.9,?,Medium,19
PLOT-5501,South,Cotton,Sandy,No,8480,6.11,4.02,29.4,927.0,?,Medium,455
PLOT-5502,North,Soybeans,Clay,Yes,3096,30.26,5.61,15.5,371.5,55.7,Low,931
PLOT-5503,West,Cotton,Sandy,Yes,5213,N/A,4.53,19.5,876.5,56.4%,Low,845
PLOT-5504,East,Cotton,Sandy,no,3101,26.93,4.41,14.6,580.0,61.1,High,87
PLOT-5505,North,Wheat,Clay,Yes,2673,11.99,3.28,23.0,653.8,UNKNOWN,Low,202
PLOT-5506,NORTH,Rice,Sandy,Yes,7708,16.84,2.02,24.2,750.0,93.2,LOW,410
PLOT-5507,West,Soybeans,Clay,No,6163,31.55,3.55,25.1,486.6,64.1%,Low,118
PLOT-5508, West ,Maize,Sandy,Yes,3100,43.61,5.25,24.8,755.6,61.6,High,801
PLOT-5509,East,Wheat,Loamy,Yes,4657,7.02,1.97,19.4,112.6,86.6,Low,272
PLOT-5510,South,Soybeans,Clay,Yes,5653,40.62,2.53,23.5,470.4,63.5,Medium,338
PLOT-5511,South,Wheat,Clay,YES,4596,28.08,3.95,16.3,433.7,70.4,Low,372
PLOT-5512,NORTH,Wheat,Loamy,Yes,4748,27.56,2.62,32.0,374.4,52.7,Low,268
PLOT-5513,West,Rice,Sandy,No,4173,25.01,2.85,22.8,561.3,80.9,Low,94
PLOT-5514,North,Maize,Clay,yes,2815,7.78,3.29,21.8,669.4,69.3%,Low,317
PLOT-5515,North,Maize,Unknown,Yes,4841,8.6,2.16,33.2,726.5,84.5,Low,271
PLOT-5516,North,Wheat,Clay,Yes,3005,29.04,2.63,17.7,643.4,82.9,Medium,806
PLOT-5517,West,Soybeans,Loamy,Yes,8011,18.64,4.64,18.3,480.2,51.8,Medium,640
PLOT-5518,East ,Wheat,Unknown,Yes,5493,41.69,2.23 MT,18.5,666.4,?,High,689
PLOT-5519,North,Wheat,Clay,Yes,8305,21.26,1.88,24.1,622.4,84.0,Medium,874
PLOT-5520,South,Soybeans,Clay,no,1674,10.73,3.04,26.9,768.5,59.0,Medium,333
PLOT-5521,North,Cotton,Clay,No,1386,33.59,4.68,28.6,739.8,49.5,Low,934
PLOT-5522, West ,Soybeans,Clay,No,3158,16.73,?,38.6,605.5,40.1,Medium,736
PLOT-5523,West,Soybeans,Clay,Yes,3661,N/A,3.24,12.1,438.5,64.8,Low,987
PLOT-5524,West,Maize,Loamy,YES,3064,32.91,3.85,27.8,482.5,59.4,High,226
PLOT-5525,South,Maize,Clay, Y ,4851,41.01,1.71 MT,21.4,501.0,70.5,Low,457
PLOT-5526,South,Wheat,Sandy,YES,4253,36.69,4.39,21.3,543.3,50.3,Low,328
PLOT-5527,North,Rice,Unknown,Yes,5979,?,4.26,21.1,648.2,87.3,Medium,1003
PLOT-5528,North,Rice,Loamy,No,5636,32.19,3.31,19.5,728.7,54.2,Low,46
PLOT-5529,West,Wheat,Sandy,Yes,5266,42.84,5.01,33.8,590.8,52.5%,LOW,740
PLOT-5530,West,Maize,Clay,Yes,7552,16.83,2.45,29.1,602.9,66.4,LOW,1020
PLOT-5531,Southwest,Rice,Sandy,Yes,1739,5.04,5.15,24.6,625.8,67.4,Low,1067
PLOT-5532,Southwest,Wheat,Sandy,No,2401,15.88,3.99,31.9,507.1,51.8,Low,48
PLOT-5533,South,Wheat,Sandy,No,4259,N/A,3.4,16.2,433.4,55.0,Medium,218
PLOT-5534,East,Maize,Clay,Yes,8001,31.47,3.78,17.2,284.0,49.3,Medium,839
PLOT-5535, West ,Wheat,Silt,Yes,3277,30.35,3.67,12.5,474.9,79.5,Low,865
PLOT-5536,West,Soybeans,Sandy,Yes,4904,28.74,5.26,20.7,685.2,82.4,Medium,1185
PLOT-5537,North,Rice,Clay,Yes,4923,5.65,2.51,25.4,473.5,65.4,Medium,908
PLOT-5538,South,Rice,Sandy,Yes,5214,34.15,2.88,25.1,557.2,79.3,Low,610
PLOT-5539,North,Maize,Sandy,Yes,4227,17.94,5.04 MT,25.3,684.0,80.5%,Low,769
PLOT-5540, West ,Soybeans,Loamy,No,3831,31.6,3.09,16.7,693.7,47.6,High,1112
PLOT-5541,South,Rice,Loamy,Yes,4758,27.26,4.88,28.9,405.7,93.1,Low,443
PLOT-5542,North,Maize,Loamy,Yes,3512,18.71,5.84,25.8,779.5,85.2,High,851
PLOT-5543,East,Maize,Clay,Yes,3151,10.38,3.32,28.5,802.9,51.2,Low,41
PLOT-5544,South,Wheat,Sandy, Y ,4675,?,4.62,14.1,396.6,50.2,Medium,1120
PLOT-5545,North,Soybeans,Sandy,No,3745,38.26,2.42,26.2,451.7,46.9,LOW,402
PLOT-5546,North,Soybeans,Clay,No,7091,41.74,4.71 MT,18.0,814.4,47.6,LOW,919
PLOT-5547,East,Maize,Clay,Yes,4866,N/A,4.04,22.3,573.6,81.1,Low,201
PLOT-5548,South,Soybeans,Loamy,No,4764,9.14,4.37,27.4,200.4,65.8%,Low,279
PLOT-5549,East,Soybeans,Clay,Yes,6801,?,3.03,25.0,348.1,83.1,High,747
PLOT-5550,South,Maize,Sandy,No,6818,34.16,1.81,19.8,555.1,81.0,Low,86
PLOT-5551,West,Soybeans,Clay,no,3222,36.19,4.4,24.5,390.7,73.3,Low,744
PLOT-5552,South,Maize,Clay,No,3792,9.73,1.32,16.1,525.6,77.8,Medium ,893
PLOT-5553,South,Maize,Clay,YES,2697,5.0,3.42,30.8,605.8,41.0,Low,293
PLOT-5554,West,Maize,?,No,6540,33.49,4.93 MT,23.4,863.2,57.1,Low,1122
PLOT-5555,South,Soybeans,Loamy,Yes,8301,19.26,?,30.7,547.7,75.1,Low,553
PLOT-5556,North,Wheat,?,no,4462,15.18,6.14,21.6,793.1,?,Medium,658
PLOT-5557,North,Soybeans,Sandy,Yes,5063,5.52,5.03 MT,21.6,857.2,41.8,Medium,1189
PLOT-5558,East,Soybeans,Clay,Yes,6855,?,3.02,20.3,858.2,UNKNOWN,Low,259
PLOT-5559,South,Wheat,Sandy,Yes,2524,39.05,3.83,29.3,651.3,77.6,Low,104
PLOT-5560,East,Soybeans,Sandy,Yes,5760,43.31,3.74,20.6,246.6,54.6,Low,26
PLOT-5561,North,Wheat,Loamy,Yes,1032,27.63,1.9,28.0,682.9,77.8,Medium,126
PLOT-5562,North,Rice,Clay,Yes,7198,25.58,2.67,22.4,788.7,83.6,Low,992
PLOT-5563,North,Maize,Sandy,Yes,5025,8.4,3.13,13.6,585.4,56.9,Medium ,342
PLOT-5564,North,Wheat,Clay,No,3566,26.95,1.36,21.4,914.0,42.0,Low,1113
PLOT-5565,South,Soybeans,Clay,Yes,3803,20.2,3.86,18.0,754.8,91.3,None,655
PLOT-5566,North,Soybeans,Loamy,Yes,4896,29.29,3.5,24.7,702.3,59.0,Low,125
PLOT-5567,South,Rice,Sandy,No,4709,20.55,1.79,18.0,795.5,45.9,High,972
PLOT-5568,NORTH,Wheat,Sandy,Yes,7155,14.61,4.29,29.6,660.0,?,Low,856
PLOT-5569,North,Wheat,Sandy,No,6647,8.8,4.66,24.0,151.3,82.3,Low,325
PLOT-5570,South,Maize,Sandy,No,1719,17.6,4.07 MT,23.5,510.2,52.2,LOW,819
PLOT-5571,East,Cotton,Loamy,YES,7698,8.87,3.41 MT,28.1,815.5,54.8%,LOW,381
PLOT-5572,North,Maize,Silt,No,7516,?,4.51 MT,29.8,454.6,53.3,Low,769
PLOT-5573,South,Wheat,?,Yes,5579,44.49,4.62,24.4,559.8,94.5,Medium,886
PLOT-5574,West,Maize,Loamy,No,1972,22.76,4.17,20.3,411.9,?,Medium,986
PLOT-5575, West ,Rice,Clay,Yes,4718,26.27,2.81,14.7,921.1,71.7,LOW,165
PLOT-5576,North,Soybeans,Loamy,Yes,8395,39.94,4.13,20.7,902.7,90.9,Low,623
PLOT-5577,NORTH,Wheat,Sandy,No,7766,44.82,5.23,21.1,440.9,48.1,Medium,1046
PLOT-5578,South,Soybeans,Clay,Yes,5402,?,?,25.1,626.5,93.4,Medium,517
PLOT-5579,North,Rice,Loamy,No,5552,37.5,6.32,22.6,477.5,92.1,Low,474
PLOT-5580,South,Cotton,Clay,YES,3207,18.08,3.17,28.3,710.7,88.7%,LOW,792
PLOT-5581,East ,Rice,Silt,YES,5426,17.23,3.84,21.1,691.7,51.8,Low,813
PLOT-5582,South,Maize,Sandy,no,7919,N/A,2.99,24.2,746.1,74.9,Low,229
PLOT-5583,North,Cotton,Sandy,Yes,5320,31.9,4.07 MT,31.0,659.7,81.8,Medium,24
PLOT-5584,South,Wheat,Loamy,Yes,4030,32.29,1.71 MT,26.4,1128.4,94.2,Medium,126
PLOT-5585,North,Cotton,Silt,No,7872,17.61,3.14 MT,24.2,415.0,49.9,Low,340
PLOT-5586,North,Maize,Sandy,Yes,4575,10.33,2.49,21.2,292.1,82.1,Low,65
PLOT-5587,North,Wheat,Sandy,No,6575,30.3,3.96,21.0,529.2,58.6,High  ,1165
PLOT-5588,North,Rice,Clay,No,4116,10.13,4.99,19.8,,49.7,Low,317
PLOT-5589,North,Maize,Sandy,No,4285,28.14,4.58,21.5,331.4,63.2,Medium,231
PLOT-5590,North,Wheat,Clay,Yes,6178,32.74,0.95,28.7,419.8,83.7,Medium,806
PLOT-5591,South,Maize,Loamy,Yes,1643,33.02,6.25,23.3,434.0,65.6,Low,1190
PLOT-5592,North,Rice,Sandy,Yes,5711,35.14,4.15 MT,17.1,428.2,69.6,Medium ,160
PLOT-5593,North,Maize,Loamy,Yes,1194,39.91,2.87,34.2,693.3,94.7,Medium,121
PLOT-5594,West,Wheat,Clay,no,4996,N/A,3.99,26.3,508.9,62.0,Medium,692
PLOT-5595,South,Soybeans,Clay,Yes,1488,34.21,?,16.8,,73.8,Medium,1171
PLOT-5596,East,Cotton,Loamy,Yes,3204,29.77,3.0,22.1,761.0,60.1,Medium,341
PLOT-5597,North,Cotton,Clay,Yes,3657,12.47,4.04,25.1,462.1,61.6,Medium,902
PLOT-5598,North,Maize,Clay,No,6345,6.03,3.07,33.9,552.4,78.3,LOW,170
PLOT-5599,North,Wheat,Clay,No,7555,16.38,3.31,18.4,665.8,91.6,Low,287
